Person_Id,Time spent in video
1,12.766666666666667
2,16.933333333333334
3,7.2
4,7.5
5,9.3
6,5.533333333333333
7,3.1666666666666665
8,3.433333333333333
9,2.2333333333333334
10,3.2
11,11.933333333333334
12,0.7666666666666667
13,4.233333333333333
14,3.566666666666667
15,8.333333333333334
16,7.466666666666667
17,23.333333333333332
18,7.0
19,1.9666666666666666
20,8.733333333333333
21,5.0
22,0.5
23,6.666666666666667
24,2.6333333333333333
25,9.366666666666667
